,Driver,DriverNumber,LapTime,LapNumber,Compound,TyreLife,Year,GrandPrix
0,VER,1,115.49,1.0,MEDIUM,1.0,2024,Azerbaijan Grand Prix
1,VER,1,109.632,2.0,MEDIUM,2.0,2024,Azerbaijan Grand Prix
2,VER,1,109.13,3.0,MEDIUM,3.0,2024,Azerbaijan Grand Prix
3,VER,1,109.608,4.0,MEDIUM,4.0,2024,Azerbaijan Grand Prix
4,VER,1,109.245,5.0,MEDIUM,5.0,2024,Azerbaijan Grand Prix
5,VER,1,108.795,6.0,MEDIUM,6.0,2024,Azerbaijan Grand Prix
6,VER,1,108.797,7.0,MEDIUM,7.0,2024,Azerbaijan Grand Prix
7,VER,1,108.643,8.0,MEDIUM,8.0,2024,Azerbaijan Grand Prix
8,VER,1,108.448,9.0,MEDIUM,9.0,2024,Azerbaijan Grand Prix
9,VER,1,109.448,10.0,MEDIUM,10.0,2024,Azerbaijan Grand Prix
10,VER,1,109.645,11.0,MEDIUM,11.0,2024,Azerbaijan Grand Prix
11,VER,1,114.511,12.0,MEDIUM,12.0,2024,Azerbaijan Grand Prix
12,VER,1,126.486,13.0,HARD,1.0,2024,Azerbaijan Grand Prix
13,VER,1,108.269,14.0,HARD,2.0,2024,Azerbaijan Grand Prix
14,VER,1,107.812,15.0,HARD,3.0,2024,Azerbaijan Grand Prix
15,VER,1,108.132,16.0,HARD,4.0,2024,Azerbaijan Grand Prix
16,VER,1,107.718,17.0,HARD,5.0,2024,Azerbaijan Grand Prix
17,VER,1,108.461,18.0,HARD,6.0,2024,Azerbaijan Grand Prix
18,VER,1,107.89,19.0,HARD,7.0,2024,Azerbaijan Grand Prix
19,VER,1,107.89,20.0,HARD,8.0,2024,Azerbaijan Grand Prix
20,VER,1,107.903,21.0,HARD,9.0,2024,Azerbaijan Grand Prix
21,VER,1,108.679,22.0,HARD,10.0,2024,Azerbaijan Grand Prix
22,VER,1,108.908,23.0,HARD,11.0,2024,Azerbaijan Grand Prix
23,VER,1,110.602,24.0,HARD,12.0,2024,Azerbaijan Grand Prix
24,VER,1,108.356,25.0,HARD,13.0,2024,Azerbaijan Grand Prix
25,VER,1,109.021,26.0,HARD,14.0,2024,Azerbaijan Grand Prix
26,VER,1,109.092,27.0,HARD,15.0,2024,Azerbaijan Grand Prix
27,VER,1,109.185,28.0,HARD,16.0,2024,Azerbaijan Grand Prix
28,VER,1,109.216,29.0,HARD,17.0,2024,Azerbaijan Grand Prix
29,VER,1,108.994,30.0,HARD,18.0,2024,Azerbaijan Grand Prix
30,VER,1,108.846,31.0,HARD,19.0,2024,Azerbaijan Grand Prix
31,VER,1,108.392,32.0,HARD,20.0,2024,Azerbaijan Grand Prix
32,VER,1,108.299,33.0,HARD,21.0,2024,Azerbaijan Grand Prix
33,VER,1,109.244,34.0,HARD,22.0,2024,Azerbaijan Grand Prix
34,VER,1,107.996,35.0,HARD,23.0,2024,Azerbaijan Grand Prix
35,VER,1,107.718,36.0,HARD,24.0,2024,Azerbaijan Grand Prix
36,VER,1,107.403,37.0,HARD,25.0,2024,Azerbaijan Grand Prix
37,VER,1,107.282,38.0,HARD,26.0,2024,Azerbaijan Grand Prix
38,VER,1,107.34,39.0,HARD,27.0,2024,Azerbaijan Grand Prix
39,VER,1,107.136,40.0,HARD,28.0,2024,Azerbaijan Grand Prix
40,VER,1,107.525,41.0,HARD,29.0,2024,Azerbaijan Grand Prix
41,VER,1,106.798,42.0,HARD,30.0,2024,Azerbaijan Grand Prix
42,VER,1,107.147,43.0,HARD,31.0,2024,Azerbaijan Grand Prix
43,VER,1,107.149,44.0,HARD,32.0,2024,Azerbaijan Grand Prix
44,VER,1,107.184,45.0,HARD,33.0,2024,Azerbaijan Grand Prix
45,VER,1,107.135,46.0,HARD,34.0,2024,Azerbaijan Grand Prix
46,VER,1,107.721,47.0,HARD,35.0,2024,Azerbaijan Grand Prix
47,VER,1,107.749,48.0,HARD,36.0,2024,Azerbaijan Grand Prix
48,VER,1,112.022,49.0,HARD,37.0,2024,Azerbaijan Grand Prix
49,VER,1,,50.0,SOFT,4.0,2024,Azerbaijan Grand Prix
50,VER,1,,51.0,SOFT,5.0,2024,Azerbaijan Grand Prix
51,GAS,10,124.448,1.0,HARD,1.0,2024,Azerbaijan Grand Prix
52,GAS,10,112.861,2.0,HARD,2.0,2024,Azerbaijan Grand Prix
53,GAS,10,111.565,3.0,HARD,3.0,2024,Azerbaijan Grand Prix
54,GAS,10,109.849,4.0,HARD,4.0,2024,Azerbaijan Grand Prix
55,GAS,10,110.116,5.0,HARD,5.0,2024,Azerbaijan Grand Prix
56,GAS,10,110.071,6.0,HARD,6.0,2024,Azerbaijan Grand Prix
57,GAS,10,109.908,7.0,HARD,7.0,2024,Azerbaijan Grand Prix
58,GAS,10,109.707,8.0,HARD,8.0,2024,Azerbaijan Grand Prix
59,GAS,10,109.776,9.0,HARD,9.0,2024,Azerbaijan Grand Prix
60,GAS,10,109.479,10.0,HARD,10.0,2024,Azerbaijan Grand Prix
61,GAS,10,110.305,11.0,HARD,11.0,2024,Azerbaijan Grand Prix
62,GAS,10,110.207,12.0,HARD,12.0,2024,Azerbaijan Grand Prix
63,GAS,10,110.586,13.0,HARD,13.0,2024,Azerbaijan Grand Prix
64,GAS,10,110.56,14.0,HARD,14.0,2024,Azerbaijan Grand Prix
65,GAS,10,111.674,15.0,HARD,15.0,2024,Azerbaijan Grand Prix
66,GAS,10,110.412,16.0,HARD,16.0,2024,Azerbaijan Grand Prix
67,GAS,10,110.314,17.0,HARD,17.0,2024,Azerbaijan Grand Prix
68,GAS,10,109.879,18.0,HARD,18.0,2024,Azerbaijan Grand Prix
69,GAS,10,109.647,19.0,HARD,19.0,2024,Azerbaijan Grand Prix
70,GAS,10,110.731,20.0,HARD,20.0,2024,Azerbaijan Grand Prix
71,GAS,10,110.09,21.0,HARD,21.0,2024,Azerbaijan Grand Prix
72,GAS,10,110.329,22.0,HARD,22.0,2024,Azerbaijan Grand Prix
73,GAS,10,109.639,23.0,HARD,23.0,2024,Azerbaijan Grand Prix
74,GAS,10,109.699,24.0,HARD,24.0,2024,Azerbaijan Grand Prix
75,GAS,10,109.69,25.0,HARD,25.0,2024,Azerbaijan Grand Prix
76,GAS,10,110.054,26.0,HARD,26.0,2024,Azerbaijan Grand Prix
77,GAS,10,109.311,27.0,HARD,27.0,2024,Azerbaijan Grand Prix
78,GAS,10,109.294,28.0,HARD,28.0,2024,Azerbaijan Grand Prix
79,GAS,10,108.98,29.0,HARD,29.0,2024,Azerbaijan Grand Prix
80,GAS,10,111.275,30.0,HARD,30.0,2024,Azerbaijan Grand Prix
81,GAS,10,109.319,31.0,HARD,31.0,2024,Azerbaijan Grand Prix
82,GAS,10,109.223,32.0,HARD,32.0,2024,Azerbaijan Grand Prix
83,GAS,10,108.774,33.0,HARD,33.0,2024,Azerbaijan Grand Prix
84,GAS,10,108.737,34.0,HARD,34.0,2024,Azerbaijan Grand Prix
85,GAS,10,108.832,35.0,HARD,35.0,2024,Azerbaijan Grand Prix
86,GAS,10,108.95,36.0,HARD,36.0,2024,Azerbaijan Grand Prix
87,GAS,10,108.778,37.0,HARD,37.0,2024,Azerbaijan Grand Prix
88,GAS,10,108.916,38.0,HARD,38.0,2024,Azerbaijan Grand Prix
89,GAS,10,108.738,39.0,HARD,39.0,2024,Azerbaijan Grand Prix
90,GAS,10,108.503,40.0,HARD,40.0,2024,Azerbaijan Grand Prix
91,GAS,10,108.725,41.0,HARD,41.0,2024,Azerbaijan Grand Prix
92,GAS,10,108.827,42.0,HARD,42.0,2024,Azerbaijan Grand Prix
93,GAS,10,108.529,43.0,HARD,43.0,2024,Azerbaijan Grand Prix
94,GAS,10,108.2,44.0,HARD,44.0,2024,Azerbaijan Grand Prix
95,GAS,10,108.048,45.0,HARD,45.0,2024,Azerbaijan Grand Prix
96,GAS,10,108.349,46.0,HARD,46.0,2024,Azerbaijan Grand Prix
97,GAS,10,108.018,47.0,HARD,47.0,2024,Azerbaijan Grand Prix
98,GAS,10,108.364,48.0,HARD,48.0,2024,Azerbaijan Grand Prix
99,GAS,10,108.461,49.0,HARD,49.0,2024,Azerbaijan Grand Prix
100,GAS,10,145.969,50.0,HARD,50.0,2024,Azerbaijan Grand Prix
101,GAS,10,,51.0,SOFT,1.0,2024,Azerbaijan Grand Prix
102,PER,11,113.923,1.0,MEDIUM,1.0,2024,Azerbaijan Grand Prix
103,PER,11,109.236,2.0,MEDIUM,2.0,2024,Azerbaijan Grand Prix
104,PER,11,108.814,3.0,MEDIUM,3.0,2024,Azerbaijan Grand Prix
105,PER,11,108.727,4.0,MEDIUM,4.0,2024,Azerbaijan Grand Prix
106,PER,11,108.768,5.0,MEDIUM,5.0,2024,Azerbaijan Grand Prix
107,PER,11,108.604,6.0,MEDIUM,6.0,2024,Azerbaijan Grand Prix
108,PER,11,108.519,7.0,MEDIUM,7.0,2024,Azerbaijan Grand Prix
109,PER,11,108.153,8.0,MEDIUM,8.0,2024,Azerbaijan Grand Prix
110,PER,11,107.826,9.0,MEDIUM,9.0,2024,Azerbaijan Grand Prix
111,PER,11,108.769,10.0,MEDIUM,10.0,2024,Azerbaijan Grand Prix
112,PER,11,108.721,11.0,MEDIUM,11.0,2024,Azerbaijan Grand Prix
113,PER,11,109.117,12.0,MEDIUM,12.0,2024,Azerbaijan Grand Prix
114,PER,11,113.398,13.0,MEDIUM,13.0,2024,Azerbaijan Grand Prix
115,PER,11,124.864,14.0,HARD,1.0,2024,Azerbaijan Grand Prix
116,PER,11,108.585,15.0,HARD,2.0,2024,Azerbaijan Grand Prix
117,PER,11,107.14,16.0,HARD,3.0,2024,Azerbaijan Grand Prix
118,PER,11,108.836,17.0,HARD,4.0,2024,Azerbaijan Grand Prix
119,PER,11,109.43,18.0,HARD,5.0,2024,Azerbaijan Grand Prix
120,PER,11,107.572,19.0,HARD,6.0,2024,Azerbaijan Grand Prix
121,PER,11,107.655,20.0,HARD,7.0,2024,Azerbaijan Grand Prix
122,PER,11,107.719,21.0,HARD,8.0,2024,Azerbaijan Grand Prix
123,PER,11,108.111,22.0,HARD,9.0,2024,Azerbaijan Grand Prix
124,PER,11,107.46,23.0,HARD,10.0,2024,Azerbaijan Grand Prix
125,PER,11,107.385,24.0,HARD,11.0,2024,Azerbaijan Grand Prix
126,PER,11,107.485,25.0,HARD,12.0,2024,Azerbaijan Grand Prix
127,PER,11,107.591,26.0,HARD,13.0,2024,Azerbaijan Grand Prix
128,PER,11,107.333,27.0,HARD,14.0,2024,Azerbaijan Grand Prix
129,PER,11,107.464,28.0,HARD,15.0,2024,Azerbaijan Grand Prix
130,PER,11,107.633,29.0,HARD,16.0,2024,Azerbaijan Grand Prix
131,PER,11,107.536,30.0,HARD,17.0,2024,Azerbaijan Grand Prix
132,PER,11,107.927,31.0,HARD,18.0,2024,Azerbaijan Grand Prix
133,PER,11,107.63,32.0,HARD,19.0,2024,Azerbaijan Grand Prix
134,PER,11,108.442,33.0,HARD,20.0,2024,Azerbaijan Grand Prix
135,PER,11,108.143,34.0,HARD,21.0,2024,Azerbaijan Grand Prix
136,PER,11,108.209,35.0,HARD,22.0,2024,Azerbaijan Grand Prix
137,PER,11,108.518,36.0,HARD,23.0,2024,Azerbaijan Grand Prix
138,PER,11,108.328,37.0,HARD,24.0,2024,Azerbaijan Grand Prix
139,PER,11,107.787,38.0,HARD,25.0,2024,Azerbaijan Grand Prix
140,PER,11,107.632,39.0,HARD,26.0,2024,Azerbaijan Grand Prix
141,PER,11,107.609,40.0,HARD,27.0,2024,Azerbaijan Grand Prix
142,PER,11,107.089,41.0,HARD,28.0,2024,Azerbaijan Grand Prix
143,PER,11,107.139,42.0,HARD,29.0,2024,Azerbaijan Grand Prix
144,PER,11,107.96,43.0,HARD,30.0,2024,Azerbaijan Grand Prix
145,PER,11,107.43,44.0,HARD,31.0,2024,Azerbaijan Grand Prix
146,PER,11,107.57,45.0,HARD,32.0,2024,Azerbaijan Grand Prix
147,PER,11,107.013,46.0,HARD,33.0,2024,Azerbaijan Grand Prix
148,PER,11,107.645,47.0,HARD,34.0,2024,Azerbaijan Grand Prix
149,PER,11,108.303,48.0,HARD,35.0,2024,Azerbaijan Grand Prix
150,PER,11,108.45,49.0,HARD,36.0,2024,Azerbaijan Grand Prix
151,PER,11,,50.0,HARD,37.0,2024,Azerbaijan Grand Prix
152,ALO,14,117.4,1.0,MEDIUM,2.0,2024,Azerbaijan Grand Prix
153,ALO,14,110.081,2.0,MEDIUM,3.0,2024,Azerbaijan Grand Prix
154,ALO,14,110.262,3.0,MEDIUM,4.0,2024,Azerbaijan Grand Prix
155,ALO,14,109.975,4.0,MEDIUM,5.0,2024,Azerbaijan Grand Prix
156,ALO,14,110.103,5.0,MEDIUM,6.0,2024,Azerbaijan Grand Prix
157,ALO,14,109.937,6.0,MEDIUM,7.0,2024,Azerbaijan Grand Prix
158,ALO,14,109.66,7.0,MEDIUM,8.0,2024,Azerbaijan Grand Prix
159,ALO,14,109.132,8.0,MEDIUM,9.0,2024,Azerbaijan Grand Prix
160,ALO,14,109.056,9.0,MEDIUM,10.0,2024,Azerbaijan Grand Prix
161,ALO,14,109.354,10.0,MEDIUM,11.0,2024,Azerbaijan Grand Prix
162,ALO,14,113.492,11.0,MEDIUM,12.0,2024,Azerbaijan Grand Prix
163,ALO,14,125.549,12.0,HARD,2.0,2024,Azerbaijan Grand Prix
164,ALO,14,109.286,13.0,HARD,3.0,2024,Azerbaijan Grand Prix
165,ALO,14,109.222,14.0,HARD,4.0,2024,Azerbaijan Grand Prix
166,ALO,14,109.984,15.0,HARD,5.0,2024,Azerbaijan Grand Prix
167,ALO,14,108.759,16.0,HARD,6.0,2024,Azerbaijan Grand Prix
168,ALO,14,109.1,17.0,HARD,7.0,2024,Azerbaijan Grand Prix
169,ALO,14,109.515,18.0,HARD,8.0,2024,Azerbaijan Grand Prix
170,ALO,14,109.239,19.0,HARD,9.0,2024,Azerbaijan Grand Prix
171,ALO,14,109.379,20.0,HARD,10.0,2024,Azerbaijan Grand Prix
172,ALO,14,109.151,21.0,HARD,11.0,2024,Azerbaijan Grand Prix
173,ALO,14,109.047,22.0,HARD,12.0,2024,Azerbaijan Grand Prix
174,ALO,14,109.104,23.0,HARD,13.0,2024,Azerbaijan Grand Prix
175,ALO,14,108.835,24.0,HARD,14.0,2024,Azerbaijan Grand Prix
176,ALO,14,109.02,25.0,HARD,15.0,2024,Azerbaijan Grand Prix
177,ALO,14,109.178,26.0,HARD,16.0,2024,Azerbaijan Grand Prix
178,ALO,14,108.729,27.0,HARD,17.0,2024,Azerbaijan Grand Prix
179,ALO,14,108.635,28.0,HARD,18.0,2024,Azerbaijan Grand Prix
180,ALO,14,108.782,29.0,HARD,19.0,2024,Azerbaijan Grand Prix
181,ALO,14,109.589,30.0,HARD,20.0,2024,Azerbaijan Grand Prix
182,ALO,14,108.979,31.0,HARD,21.0,2024,Azerbaijan Grand Prix
183,ALO,14,110.08,32.0,HARD,22.0,2024,Azerbaijan Grand Prix
184,ALO,14,108.825,33.0,HARD,23.0,2024,Azerbaijan Grand Prix
185,ALO,14,109.26,34.0,HARD,24.0,2024,Azerbaijan Grand Prix
186,ALO,14,109.533,35.0,HARD,25.0,2024,Azerbaijan Grand Prix
187,ALO,14,108.206,36.0,HARD,26.0,2024,Azerbaijan Grand Prix
188,ALO,14,107.889,37.0,HARD,27.0,2024,Azerbaijan Grand Prix
189,ALO,14,108.131,38.0,HARD,28.0,2024,Azerbaijan Grand Prix
190,ALO,14,107.97,39.0,HARD,29.0,2024,Azerbaijan Grand Prix
191,ALO,14,107.719,40.0,HARD,30.0,2024,Azerbaijan Grand Prix
192,ALO,14,107.956,41.0,HARD,31.0,2024,Azerbaijan Grand Prix
193,ALO,14,107.351,42.0,HARD,32.0,2024,Azerbaijan Grand Prix
194,ALO,14,107.486,43.0,HARD,33.0,2024,Azerbaijan Grand Prix
195,ALO,14,107.465,44.0,HARD,34.0,2024,Azerbaijan Grand Prix
196,ALO,14,107.498,45.0,HARD,35.0,2024,Azerbaijan Grand Prix
197,ALO,14,107.571,46.0,HARD,36.0,2024,Azerbaijan Grand Prix
198,ALO,14,107.354,47.0,HARD,37.0,2024,Azerbaijan Grand Prix
199,ALO,14,107.057,48.0,HARD,38.0,2024,Azerbaijan Grand Prix
200,ALO,14,107.152,49.0,HARD,39.0,2024,Azerbaijan Grand Prix
201,ALO,14,149.162,50.0,HARD,40.0,2024,Azerbaijan Grand Prix
202,ALO,14,,51.0,HARD,41.0,2024,Azerbaijan Grand Prix
203,LEC,16,112.106,1.0,MEDIUM,1.0,2024,Azerbaijan Grand Prix
204,LEC,16,109.283,2.0,MEDIUM,2.0,2024,Azerbaijan Grand Prix
205,LEC,16,108.412,3.0,MEDIUM,3.0,2024,Azerbaijan Grand Prix
206,LEC,16,108.408,4.0,MEDIUM,4.0,2024,Azerbaijan Grand Prix
207,LEC,16,108.314,5.0,MEDIUM,5.0,2024,Azerbaijan Grand Prix
208,LEC,16,108.052,6.0,MEDIUM,6.0,2024,Azerbaijan Grand Prix
209,LEC,16,108.511,7.0,MEDIUM,7.0,2024,Azerbaijan Grand Prix
210,LEC,16,107.672,8.0,MEDIUM,8.0,2024,Azerbaijan Grand Prix
211,LEC,16,107.828,9.0,MEDIUM,9.0,2024,Azerbaijan Grand Prix
212,LEC,16,108.094,10.0,MEDIUM,10.0,2024,Azerbaijan Grand Prix
213,LEC,16,107.922,11.0,MEDIUM,11.0,2024,Azerbaijan Grand Prix
214,LEC,16,108.09,12.0,MEDIUM,12.0,2024,Azerbaijan Grand Prix
215,LEC,16,108.461,13.0,MEDIUM,13.0,2024,Azerbaijan Grand Prix
216,LEC,16,108.831,14.0,MEDIUM,14.0,2024,Azerbaijan Grand Prix
217,LEC,16,109.99,15.0,MEDIUM,15.0,2024,Azerbaijan Grand Prix
218,LEC,16,113.844,16.0,MEDIUM,16.0,2024,Azerbaijan Grand Prix
219,LEC,16,126.071,17.0,HARD,1.0,2024,Azerbaijan Grand Prix
220,LEC,16,108.358,18.0,HARD,2.0,2024,Azerbaijan Grand Prix
221,LEC,16,107.893,19.0,HARD,3.0,2024,Azerbaijan Grand Prix
222,LEC,16,109.643,20.0,HARD,4.0,2024,Azerbaijan Grand Prix
223,LEC,16,107.94,21.0,HARD,5.0,2024,Azerbaijan Grand Prix
224,LEC,16,107.737,22.0,HARD,6.0,2024,Azerbaijan Grand Prix
225,LEC,16,107.519,23.0,HARD,7.0,2024,Azerbaijan Grand Prix
226,LEC,16,107.186,24.0,HARD,8.0,2024,Azerbaijan Grand Prix
227,LEC,16,107.361,25.0,HARD,9.0,2024,Azerbaijan Grand Prix
228,LEC,16,107.314,26.0,HARD,10.0,2024,Azerbaijan Grand Prix
229,LEC,16,107.397,27.0,HARD,11.0,2024,Azerbaijan Grand Prix
230,LEC,16,107.282,28.0,HARD,12.0,2024,Azerbaijan Grand Prix
231,LEC,16,107.858,29.0,HARD,13.0,2024,Azerbaijan Grand Prix
232,LEC,16,107.528,30.0,HARD,14.0,2024,Azerbaijan Grand Prix
233,LEC,16,108.113,31.0,HARD,15.0,2024,Azerbaijan Grand Prix
234,LEC,16,107.834,32.0,HARD,16.0,2024,Azerbaijan Grand Prix
235,LEC,16,108.936,33.0,HARD,17.0,2024,Azerbaijan Grand Prix
236,LEC,16,107.834,34.0,HARD,18.0,2024,Azerbaijan Grand Prix
237,LEC,16,107.643,35.0,HARD,19.0,2024,Azerbaijan Grand Prix
238,LEC,16,108.047,36.0,HARD,20.0,2024,Azerbaijan Grand Prix
239,LEC,16,107.831,37.0,HARD,21.0,2024,Azerbaijan Grand Prix
240,LEC,16,107.516,38.0,HARD,22.0,2024,Azerbaijan Grand Prix
241,LEC,16,107.877,39.0,HARD,23.0,2024,Azerbaijan Grand Prix
242,LEC,16,107.49,40.0,HARD,24.0,2024,Azerbaijan Grand Prix
243,LEC,16,107.908,41.0,HARD,25.0,2024,Azerbaijan Grand Prix
244,LEC,16,107.977,42.0,HARD,26.0,2024,Azerbaijan Grand Prix
245,LEC,16,107.615,43.0,HARD,27.0,2024,Azerbaijan Grand Prix
246,LEC,16,107.067,44.0,HARD,28.0,2024,Azerbaijan Grand Prix
247,LEC,16,107.912,45.0,HARD,29.0,2024,Azerbaijan Grand Prix
248,LEC,16,107.744,46.0,HARD,30.0,2024,Azerbaijan Grand Prix
249,LEC,16,107.857,47.0,HARD,31.0,2024,Azerbaijan Grand Prix
250,LEC,16,108.387,48.0,HARD,32.0,2024,Azerbaijan Grand Prix
251,LEC,16,108.626,49.0,HARD,33.0,2024,Azerbaijan Grand Prix
252,LEC,16,112.773,50.0,HARD,34.0,2024,Azerbaijan Grand Prix
253,LEC,16,,51.0,HARD,35.0,2024,Azerbaijan Grand Prix
254,STR,18,131.014,1.0,MEDIUM,2.0,2024,Azerbaijan Grand Prix
255,STR,18,128.417,2.0,HARD,2.0,2024,Azerbaijan Grand Prix
256,STR,18,110.819,3.0,HARD,3.0,2024,Azerbaijan Grand Prix
257,STR,18,110.48,4.0,HARD,4.0,2024,Azerbaijan Grand Prix
258,STR,18,109.97,5.0,HARD,5.0,2024,Azerbaijan Grand Prix
259,STR,18,109.519,6.0,HARD,6.0,2024,Azerbaijan Grand Prix
260,STR,18,109.687,7.0,HARD,7.0,2024,Azerbaijan Grand Prix
261,STR,18,110.315,8.0,HARD,8.0,2024,Azerbaijan Grand Prix
262,STR,18,109.143,9.0,HARD,9.0,2024,Azerbaijan Grand Prix
263,STR,18,109.432,10.0,HARD,10.0,2024,Azerbaijan Grand Prix
264,STR,18,109.972,11.0,HARD,11.0,2024,Azerbaijan Grand Prix
265,STR,18,110.952,12.0,HARD,12.0,2024,Azerbaijan Grand Prix
266,STR,18,109.594,13.0,HARD,13.0,2024,Azerbaijan Grand Prix
267,STR,18,109.412,14.0,HARD,14.0,2024,Azerbaijan Grand Prix
268,STR,18,110.76,15.0,HARD,15.0,2024,Azerbaijan Grand Prix
269,STR,18,111.103,16.0,HARD,16.0,2024,Azerbaijan Grand Prix
270,STR,18,110.709,17.0,HARD,17.0,2024,Azerbaijan Grand Prix
271,STR,18,110.45,18.0,HARD,18.0,2024,Azerbaijan Grand Prix
272,STR,18,110.234,19.0,HARD,19.0,2024,Azerbaijan Grand Prix
273,STR,18,110.293,20.0,HARD,20.0,2024,Azerbaijan Grand Prix
274,STR,18,110.509,21.0,HARD,21.0,2024,Azerbaijan Grand Prix
275,STR,18,115.365,22.0,HARD,22.0,2024,Azerbaijan Grand Prix
276,STR,18,125.467,23.0,HARD,2.0,2024,Azerbaijan Grand Prix
277,STR,18,109.018,24.0,HARD,3.0,2024,Azerbaijan Grand Prix
278,STR,18,108.895,25.0,HARD,4.0,2024,Azerbaijan Grand Prix
279,STR,18,108.843,26.0,HARD,5.0,2024,Azerbaijan Grand Prix
280,STR,18,108.708,27.0,HARD,6.0,2024,Azerbaijan Grand Prix
281,STR,18,108.512,28.0,HARD,7.0,2024,Azerbaijan Grand Prix
282,STR,18,108.603,29.0,HARD,8.0,2024,Azerbaijan Grand Prix
283,STR,18,108.665,30.0,HARD,9.0,2024,Azerbaijan Grand Prix
284,STR,18,108.148,31.0,HARD,10.0,2024,Azerbaijan Grand Prix
285,STR,18,108.849,32.0,HARD,11.0,2024,Azerbaijan Grand Prix
286,STR,18,109.568,33.0,HARD,12.0,2024,Azerbaijan Grand Prix
287,STR,18,108.592,34.0,HARD,13.0,2024,Azerbaijan Grand Prix
288,STR,18,108.441,35.0,HARD,14.0,2024,Azerbaijan Grand Prix
289,STR,18,108.67,36.0,HARD,15.0,2024,Azerbaijan Grand Prix
290,STR,18,108.422,37.0,HARD,16.0,2024,Azerbaijan Grand Prix
291,STR,18,108.903,38.0,HARD,17.0,2024,Azerbaijan Grand Prix
292,STR,18,108.312,39.0,HARD,18.0,2024,Azerbaijan Grand Prix
293,STR,18,109.405,40.0,HARD,19.0,2024,Azerbaijan Grand Prix
294,STR,18,109.67,41.0,HARD,20.0,2024,Azerbaijan Grand Prix
295,STR,18,109.547,42.0,HARD,21.0,2024,Azerbaijan Grand Prix
296,STR,18,108.783,43.0,HARD,22.0,2024,Azerbaijan Grand Prix
297,STR,18,108.745,44.0,HARD,23.0,2024,Azerbaijan Grand Prix
298,STR,18,122.165,45.0,HARD,24.0,2024,Azerbaijan Grand Prix
299,TSU,22,123.649,1.0,MEDIUM,2.0,2024,Azerbaijan Grand Prix
300,TSU,22,111.648,2.0,MEDIUM,3.0,2024,Azerbaijan Grand Prix
301,TSU,22,113.328,3.0,MEDIUM,4.0,2024,Azerbaijan Grand Prix
302,TSU,22,113.997,4.0,MEDIUM,5.0,2024,Azerbaijan Grand Prix
303,TSU,22,113.121,5.0,MEDIUM,6.0,2024,Azerbaijan Grand Prix
304,TSU,22,111.278,6.0,MEDIUM,7.0,2024,Azerbaijan Grand Prix
305,TSU,22,111.075,7.0,MEDIUM,8.0,2024,Azerbaijan Grand Prix
306,TSU,22,110.887,8.0,MEDIUM,9.0,2024,Azerbaijan Grand Prix
307,TSU,22,111.141,9.0,MEDIUM,10.0,2024,Azerbaijan Grand Prix
308,TSU,22,110.899,10.0,MEDIUM,11.0,2024,Azerbaijan Grand Prix
309,TSU,22,112.485,11.0,MEDIUM,12.0,2024,Azerbaijan Grand Prix
310,TSU,22,121.304,12.0,MEDIUM,13.0,2024,Azerbaijan Grand Prix
311,TSU,22,131.939,13.0,HARD,2.0,2024,Azerbaijan Grand Prix
312,TSU,22,125.9,14.0,HARD,3.0,2024,Azerbaijan Grand Prix
313,ALB,23,119.047,1.0,HARD,1.0,2024,Azerbaijan Grand Prix
314,ALB,23,110.846,2.0,HARD,2.0,2024,Azerbaijan Grand Prix
315,ALB,23,110.457,3.0,HARD,3.0,2024,Azerbaijan Grand Prix
316,ALB,23,110.185,4.0,HARD,4.0,2024,Azerbaijan Grand Prix
317,ALB,23,109.78,5.0,HARD,5.0,2024,Azerbaijan Grand Prix
318,ALB,23,109.64,6.0,HARD,6.0,2024,Azerbaijan Grand Prix
319,ALB,23,109.533,7.0,HARD,7.0,2024,Azerbaijan Grand Prix
320,ALB,23,109.207,8.0,HARD,8.0,2024,Azerbaijan Grand Prix
321,ALB,23,109.358,9.0,HARD,9.0,2024,Azerbaijan Grand Prix
322,ALB,23,109.291,10.0,HARD,10.0,2024,Azerbaijan Grand Prix
323,ALB,23,109.199,11.0,HARD,11.0,2024,Azerbaijan Grand Prix
324,ALB,23,109.191,12.0,HARD,12.0,2024,Azerbaijan Grand Prix
325,ALB,23,109.04,13.0,HARD,13.0,2024,Azerbaijan Grand Prix
326,ALB,23,108.783,14.0,HARD,14.0,2024,Azerbaijan Grand Prix
327,ALB,23,108.779,15.0,HARD,15.0,2024,Azerbaijan Grand Prix
328,ALB,23,108.677,16.0,HARD,16.0,2024,Azerbaijan Grand Prix
329,ALB,23,110.315,17.0,HARD,17.0,2024,Azerbaijan Grand Prix
330,ALB,23,109.962,18.0,HARD,18.0,2024,Azerbaijan Grand Prix
331,ALB,23,109.777,19.0,HARD,19.0,2024,Azerbaijan Grand Prix
332,ALB,23,109.282,20.0,HARD,20.0,2024,Azerbaijan Grand Prix
333,ALB,23,109.213,21.0,HARD,21.0,2024,Azerbaijan Grand Prix
334,ALB,23,109.181,22.0,HARD,22.0,2024,Azerbaijan Grand Prix
335,ALB,23,109.247,23.0,HARD,23.0,2024,Azerbaijan Grand Prix
336,ALB,23,110.191,24.0,HARD,24.0,2024,Azerbaijan Grand Prix
337,ALB,23,109.231,25.0,HARD,25.0,2024,Azerbaijan Grand Prix
338,ALB,23,109.179,26.0,HARD,26.0,2024,Azerbaijan Grand Prix
339,ALB,23,109.077,27.0,HARD,27.0,2024,Azerbaijan Grand Prix
340,ALB,23,109.115,28.0,HARD,28.0,2024,Azerbaijan Grand Prix
341,ALB,23,109.187,29.0,HARD,29.0,2024,Azerbaijan Grand Prix
342,ALB,23,109.041,30.0,HARD,30.0,2024,Azerbaijan Grand Prix
343,ALB,23,112.482,31.0,HARD,31.0,2024,Azerbaijan Grand Prix
344,ALB,23,125.956,32.0,MEDIUM,1.0,2024,Azerbaijan Grand Prix
345,ALB,23,107.551,33.0,MEDIUM,2.0,2024,Azerbaijan Grand Prix
346,ALB,23,108.556,34.0,MEDIUM,3.0,2024,Azerbaijan Grand Prix
347,ALB,23,109.733,35.0,MEDIUM,4.0,2024,Azerbaijan Grand Prix
348,ALB,23,107.955,36.0,MEDIUM,5.0,2024,Azerbaijan Grand Prix
349,ALB,23,108.394,37.0,MEDIUM,6.0,2024,Azerbaijan Grand Prix
350,ALB,23,108.124,38.0,MEDIUM,7.0,2024,Azerbaijan Grand Prix
351,ALB,23,108.117,39.0,MEDIUM,8.0,2024,Azerbaijan Grand Prix
352,ALB,23,107.613,40.0,MEDIUM,9.0,2024,Azerbaijan Grand Prix
353,ALB,23,107.953,41.0,MEDIUM,10.0,2024,Azerbaijan Grand Prix
354,ALB,23,107.213,42.0,MEDIUM,11.0,2024,Azerbaijan Grand Prix
355,ALB,23,106.947,43.0,MEDIUM,12.0,2024,Azerbaijan Grand Prix
356,ALB,23,107.04,44.0,MEDIUM,13.0,2024,Azerbaijan Grand Prix
357,ALB,23,107.392,45.0,MEDIUM,14.0,2024,Azerbaijan Grand Prix
358,ALB,23,107.586,46.0,MEDIUM,15.0,2024,Azerbaijan Grand Prix
359,ALB,23,107.569,47.0,MEDIUM,16.0,2024,Azerbaijan Grand Prix
360,ALB,23,107.153,48.0,MEDIUM,17.0,2024,Azerbaijan Grand Prix
361,ALB,23,107.35,49.0,MEDIUM,18.0,2024,Azerbaijan Grand Prix
362,ALB,23,149.028,50.0,MEDIUM,19.0,2024,Azerbaijan Grand Prix
363,ALB,23,,51.0,MEDIUM,20.0,2024,Azerbaijan Grand Prix
364,ZHO,24,125.8,1.0,HARD,2.0,2024,Azerbaijan Grand Prix
365,ZHO,24,113.999,2.0,HARD,3.0,2024,Azerbaijan Grand Prix
366,ZHO,24,112.11,3.0,HARD,4.0,2024,Azerbaijan Grand Prix
367,ZHO,24,111.671,4.0,HARD,5.0,2024,Azerbaijan Grand Prix
368,ZHO,24,113.333,5.0,HARD,6.0,2024,Azerbaijan Grand Prix
369,ZHO,24,111.235,6.0,HARD,7.0,2024,Azerbaijan Grand Prix
370,ZHO,24,111.105,7.0,HARD,8.0,2024,Azerbaijan Grand Prix
371,ZHO,24,111.313,8.0,HARD,9.0,2024,Azerbaijan Grand Prix
372,ZHO,24,111.018,9.0,HARD,10.0,2024,Azerbaijan Grand Prix
373,ZHO,24,110.765,10.0,HARD,11.0,2024,Azerbaijan Grand Prix
374,ZHO,24,111.018,11.0,HARD,12.0,2024,Azerbaijan Grand Prix
375,ZHO,24,110.575,12.0,HARD,13.0,2024,Azerbaijan Grand Prix
376,ZHO,24,110.614,13.0,HARD,14.0,2024,Azerbaijan Grand Prix
377,ZHO,24,110.635,14.0,HARD,15.0,2024,Azerbaijan Grand Prix
378,ZHO,24,110.317,15.0,HARD,16.0,2024,Azerbaijan Grand Prix
379,ZHO,24,110.994,16.0,HARD,17.0,2024,Azerbaijan Grand Prix
380,ZHO,24,110.518,17.0,HARD,18.0,2024,Azerbaijan Grand Prix
381,ZHO,24,111.803,18.0,HARD,19.0,2024,Azerbaijan Grand Prix
382,ZHO,24,110.496,19.0,HARD,20.0,2024,Azerbaijan Grand Prix
383,ZHO,24,110.45,20.0,HARD,21.0,2024,Azerbaijan Grand Prix
384,ZHO,24,110.483,21.0,HARD,22.0,2024,Azerbaijan Grand Prix
385,ZHO,24,110.37,22.0,HARD,23.0,2024,Azerbaijan Grand Prix
386,ZHO,24,110.563,23.0,HARD,24.0,2024,Azerbaijan Grand Prix
387,ZHO,24,110.276,24.0,HARD,25.0,2024,Azerbaijan Grand Prix
388,ZHO,24,110.054,25.0,HARD,26.0,2024,Azerbaijan Grand Prix
389,ZHO,24,110.102,26.0,HARD,27.0,2024,Azerbaijan Grand Prix
390,ZHO,24,110.036,27.0,HARD,28.0,2024,Azerbaijan Grand Prix
391,ZHO,24,109.76,28.0,HARD,29.0,2024,Azerbaijan Grand Prix
392,ZHO,24,109.685,29.0,HARD,30.0,2024,Azerbaijan Grand Prix
393,ZHO,24,109.741,30.0,HARD,31.0,2024,Azerbaijan Grand Prix
394,ZHO,24,109.794,31.0,HARD,32.0,2024,Azerbaijan Grand Prix
395,ZHO,24,109.357,32.0,HARD,33.0,2024,Azerbaijan Grand Prix
396,ZHO,24,109.199,33.0,HARD,34.0,2024,Azerbaijan Grand Prix
397,ZHO,24,113.797,34.0,HARD,35.0,2024,Azerbaijan Grand Prix
398,ZHO,24,126.269,35.0,MEDIUM,2.0,2024,Azerbaijan Grand Prix
399,ZHO,24,108.304,36.0,MEDIUM,3.0,2024,Azerbaijan Grand Prix
400,ZHO,24,108.112,37.0,MEDIUM,4.0,2024,Azerbaijan Grand Prix
401,ZHO,24,108.378,38.0,MEDIUM,5.0,2024,Azerbaijan Grand Prix
402,ZHO,24,108.001,39.0,MEDIUM,6.0,2024,Azerbaijan Grand Prix
403,ZHO,24,108.014,40.0,MEDIUM,7.0,2024,Azerbaijan Grand Prix
404,ZHO,24,108.0,41.0,MEDIUM,8.0,2024,Azerbaijan Grand Prix
405,ZHO,24,108.054,42.0,MEDIUM,9.0,2024,Azerbaijan Grand Prix
406,ZHO,24,107.644,43.0,MEDIUM,10.0,2024,Azerbaijan Grand Prix
407,ZHO,24,107.907,44.0,MEDIUM,11.0,2024,Azerbaijan Grand Prix
408,ZHO,24,107.934,45.0,MEDIUM,12.0,2024,Azerbaijan Grand Prix
409,ZHO,24,108.647,46.0,MEDIUM,13.0,2024,Azerbaijan Grand Prix
410,ZHO,24,108.077,47.0,MEDIUM,14.0,2024,Azerbaijan Grand Prix
411,ZHO,24,108.505,48.0,MEDIUM,15.0,2024,Azerbaijan Grand Prix
412,ZHO,24,108.049,49.0,MEDIUM,16.0,2024,Azerbaijan Grand Prix
413,ZHO,24,,50.0,MEDIUM,17.0,2024,Azerbaijan Grand Prix
414,ZHO,24,,51.0,MEDIUM,18.0,2024,Azerbaijan Grand Prix
415,HUL,27,123.833,1.0,MEDIUM,1.0,2024,Azerbaijan Grand Prix
416,HUL,27,112.034,2.0,MEDIUM,2.0,2024,Azerbaijan Grand Prix
417,HUL,27,110.45,3.0,MEDIUM,3.0,2024,Azerbaijan Grand Prix
418,HUL,27,110.277,4.0,MEDIUM,4.0,2024,Azerbaijan Grand Prix
419,HUL,27,109.113,5.0,MEDIUM,5.0,2024,Azerbaijan Grand Prix
420,HUL,27,109.761,6.0,MEDIUM,6.0,2024,Azerbaijan Grand Prix
421,HUL,27,109.918,7.0,MEDIUM,7.0,2024,Azerbaijan Grand Prix
422,HUL,27,109.333,8.0,MEDIUM,8.0,2024,Azerbaijan Grand Prix
423,HUL,27,109.819,9.0,MEDIUM,9.0,2024,Azerbaijan Grand Prix
424,HUL,27,109.401,10.0,MEDIUM,10.0,2024,Azerbaijan Grand Prix
425,HUL,27,109.554,11.0,MEDIUM,11.0,2024,Azerbaijan Grand Prix
426,HUL,27,109.484,12.0,MEDIUM,12.0,2024,Azerbaijan Grand Prix
427,HUL,27,109.797,13.0,MEDIUM,13.0,2024,Azerbaijan Grand Prix
428,HUL,27,110.366,14.0,MEDIUM,14.0,2024,Azerbaijan Grand Prix
429,HUL,27,114.956,15.0,MEDIUM,15.0,2024,Azerbaijan Grand Prix
430,HUL,27,126.435,16.0,HARD,1.0,2024,Azerbaijan Grand Prix
431,HUL,27,109.105,17.0,HARD,2.0,2024,Azerbaijan Grand Prix
432,HUL,27,109.153,18.0,HARD,3.0,2024,Azerbaijan Grand Prix
433,HUL,27,108.539,19.0,HARD,4.0,2024,Azerbaijan Grand Prix
434,HUL,27,108.001,20.0,HARD,5.0,2024,Azerbaijan Grand Prix
435,HUL,27,108.275,21.0,HARD,6.0,2024,Azerbaijan Grand Prix
436,HUL,27,108.925,22.0,HARD,7.0,2024,Azerbaijan Grand Prix
437,HUL,27,108.804,23.0,HARD,8.0,2024,Azerbaijan Grand Prix
438,HUL,27,107.925,24.0,HARD,9.0,2024,Azerbaijan Grand Prix
439,HUL,27,108.093,25.0,HARD,10.0,2024,Azerbaijan Grand Prix
440,HUL,27,108.387,26.0,HARD,11.0,2024,Azerbaijan Grand Prix
441,HUL,27,108.337,27.0,HARD,12.0,2024,Azerbaijan Grand Prix
442,HUL,27,108.567,28.0,HARD,13.0,2024,Azerbaijan Grand Prix
443,HUL,27,108.314,29.0,HARD,14.0,2024,Azerbaijan Grand Prix
444,HUL,27,108.263,30.0,HARD,15.0,2024,Azerbaijan Grand Prix
445,HUL,27,108.105,31.0,HARD,16.0,2024,Azerbaijan Grand Prix
446,HUL,27,109.185,32.0,HARD,17.0,2024,Azerbaijan Grand Prix
447,HUL,27,107.811,33.0,HARD,18.0,2024,Azerbaijan Grand Prix
448,HUL,27,108.69,34.0,HARD,19.0,2024,Azerbaijan Grand Prix
449,HUL,27,109.429,35.0,HARD,20.0,2024,Azerbaijan Grand Prix
450,HUL,27,108.542,36.0,HARD,21.0,2024,Azerbaijan Grand Prix
451,HUL,27,108.515,37.0,HARD,22.0,2024,Azerbaijan Grand Prix
452,HUL,27,109.638,38.0,HARD,23.0,2024,Azerbaijan Grand Prix
453,HUL,27,108.637,39.0,HARD,24.0,2024,Azerbaijan Grand Prix
454,HUL,27,108.125,40.0,HARD,25.0,2024,Azerbaijan Grand Prix
455,HUL,27,107.993,41.0,HARD,26.0,2024,Azerbaijan Grand Prix
456,HUL,27,107.691,42.0,HARD,27.0,2024,Azerbaijan Grand Prix
457,HUL,27,108.322,43.0,HARD,28.0,2024,Azerbaijan Grand Prix
458,HUL,27,107.934,44.0,HARD,29.0,2024,Azerbaijan Grand Prix
459,HUL,27,107.827,45.0,HARD,30.0,2024,Azerbaijan Grand Prix
460,HUL,27,107.957,46.0,HARD,31.0,2024,Azerbaijan Grand Prix
461,HUL,27,107.693,47.0,HARD,32.0,2024,Azerbaijan Grand Prix
462,HUL,27,109.587,48.0,HARD,33.0,2024,Azerbaijan Grand Prix
463,HUL,27,109.408,49.0,HARD,34.0,2024,Azerbaijan Grand Prix
464,HUL,27,145.325,50.0,HARD,35.0,2024,Azerbaijan Grand Prix
465,HUL,27,,51.0,HARD,36.0,2024,Azerbaijan Grand Prix
466,RIC,3,123.929,1.0,HARD,2.0,2024,Azerbaijan Grand Prix
467,RIC,3,112.896,2.0,HARD,3.0,2024,Azerbaijan Grand Prix
468,RIC,3,111.71,3.0,HARD,4.0,2024,Azerbaijan Grand Prix
469,RIC,3,109.436,4.0,HARD,5.0,2024,Azerbaijan Grand Prix
470,RIC,3,109.69,5.0,HARD,6.0,2024,Azerbaijan Grand Prix
471,RIC,3,109.7,6.0,HARD,7.0,2024,Azerbaijan Grand Prix
472,RIC,3,109.297,7.0,HARD,8.0,2024,Azerbaijan Grand Prix
473,RIC,3,109.721,8.0,HARD,9.0,2024,Azerbaijan Grand Prix
474,RIC,3,109.513,9.0,HARD,10.0,2024,Azerbaijan Grand Prix
475,RIC,3,110.118,10.0,HARD,11.0,2024,Azerbaijan Grand Prix
476,RIC,3,110.332,11.0,HARD,12.0,2024,Azerbaijan Grand Prix
477,RIC,3,110.73,12.0,HARD,13.0,2024,Azerbaijan Grand Prix
478,RIC,3,110.925,13.0,HARD,14.0,2024,Azerbaijan Grand Prix
479,RIC,3,111.455,14.0,HARD,15.0,2024,Azerbaijan Grand Prix
480,RIC,3,113.237,15.0,HARD,16.0,2024,Azerbaijan Grand Prix
481,RIC,3,111.252,16.0,HARD,17.0,2024,Azerbaijan Grand Prix
482,RIC,3,111.619,17.0,HARD,18.0,2024,Azerbaijan Grand Prix
483,RIC,3,111.379,18.0,HARD,19.0,2024,Azerbaijan Grand Prix
484,RIC,3,111.033,19.0,HARD,20.0,2024,Azerbaijan Grand Prix
485,RIC,3,111.449,20.0,HARD,21.0,2024,Azerbaijan Grand Prix
486,RIC,3,111.501,21.0,HARD,22.0,2024,Azerbaijan Grand Prix
487,RIC,3,112.589,22.0,HARD,23.0,2024,Azerbaijan Grand Prix
488,RIC,3,111.304,23.0,HARD,24.0,2024,Azerbaijan Grand Prix
489,RIC,3,110.531,24.0,HARD,25.0,2024,Azerbaijan Grand Prix
490,RIC,3,110.119,25.0,HARD,26.0,2024,Azerbaijan Grand Prix
491,RIC,3,109.724,26.0,HARD,27.0,2024,Azerbaijan Grand Prix
492,RIC,3,109.355,27.0,HARD,28.0,2024,Azerbaijan Grand Prix
493,RIC,3,109.328,28.0,HARD,29.0,2024,Azerbaijan Grand Prix
494,RIC,3,108.994,29.0,HARD,30.0,2024,Azerbaijan Grand Prix
495,RIC,3,109.231,30.0,HARD,31.0,2024,Azerbaijan Grand Prix
496,RIC,3,108.948,31.0,HARD,32.0,2024,Azerbaijan Grand Prix
497,RIC,3,108.668,32.0,HARD,33.0,2024,Azerbaijan Grand Prix
498,RIC,3,108.457,33.0,HARD,34.0,2024,Azerbaijan Grand Prix
499,RIC,3,108.549,34.0,HARD,35.0,2024,Azerbaijan Grand Prix
500,RIC,3,108.869,35.0,HARD,36.0,2024,Azerbaijan Grand Prix
501,RIC,3,108.755,36.0,HARD,37.0,2024,Azerbaijan Grand Prix
502,RIC,3,108.623,37.0,HARD,38.0,2024,Azerbaijan Grand Prix
503,RIC,3,108.864,38.0,HARD,39.0,2024,Azerbaijan Grand Prix
504,RIC,3,108.38,39.0,HARD,40.0,2024,Azerbaijan Grand Prix
505,RIC,3,108.452,40.0,HARD,41.0,2024,Azerbaijan Grand Prix
506,RIC,3,108.54,41.0,HARD,42.0,2024,Azerbaijan Grand Prix
507,RIC,3,108.863,42.0,HARD,43.0,2024,Azerbaijan Grand Prix
508,RIC,3,108.924,43.0,HARD,44.0,2024,Azerbaijan Grand Prix
509,RIC,3,108.762,44.0,HARD,45.0,2024,Azerbaijan Grand Prix
510,RIC,3,108.507,45.0,HARD,46.0,2024,Azerbaijan Grand Prix
511,RIC,3,108.679,46.0,HARD,47.0,2024,Azerbaijan Grand Prix
512,RIC,3,109.14,47.0,HARD,48.0,2024,Azerbaijan Grand Prix
513,RIC,3,109.604,48.0,HARD,49.0,2024,Azerbaijan Grand Prix
514,RIC,3,113.511,49.0,HARD,50.0,2024,Azerbaijan Grand Prix
515,RIC,3,,50.0,SOFT,1.0,2024,Azerbaijan Grand Prix
516,RIC,3,,51.0,SOFT,2.0,2024,Azerbaijan Grand Prix
517,OCO,31,126.969,1.0,HARD,4.0,2024,Azerbaijan Grand Prix
518,OCO,31,113.518,2.0,HARD,5.0,2024,Azerbaijan Grand Prix
519,OCO,31,112.028,3.0,HARD,6.0,2024,Azerbaijan Grand Prix
520,OCO,31,111.514,4.0,HARD,7.0,2024,Azerbaijan Grand Prix
521,OCO,31,113.318,5.0,HARD,8.0,2024,Azerbaijan Grand Prix
522,OCO,31,111.59,6.0,HARD,9.0,2024,Azerbaijan Grand Prix
523,OCO,31,111.006,7.0,HARD,10.0,2024,Azerbaijan Grand Prix
524,OCO,31,111.396,8.0,HARD,11.0,2024,Azerbaijan Grand Prix
525,OCO,31,111.284,9.0,HARD,12.0,2024,Azerbaijan Grand Prix
526,OCO,31,111.515,10.0,HARD,13.0,2024,Azerbaijan Grand Prix
527,OCO,31,110.455,11.0,HARD,14.0,2024,Azerbaijan Grand Prix
528,OCO,31,110.578,12.0,HARD,15.0,2024,Azerbaijan Grand Prix
529,OCO,31,109.904,13.0,HARD,16.0,2024,Azerbaijan Grand Prix
530,OCO,31,110.542,14.0,HARD,17.0,2024,Azerbaijan Grand Prix
531,OCO,31,110.556,15.0,HARD,18.0,2024,Azerbaijan Grand Prix
532,OCO,31,111.138,16.0,HARD,19.0,2024,Azerbaijan Grand Prix
533,OCO,31,112.19,17.0,HARD,20.0,2024,Azerbaijan Grand Prix
534,OCO,31,110.598,18.0,HARD,21.0,2024,Azerbaijan Grand Prix
535,OCO,31,110.988,19.0,HARD,22.0,2024,Azerbaijan Grand Prix
536,OCO,31,110.801,20.0,HARD,23.0,2024,Azerbaijan Grand Prix
537,OCO,31,110.349,21.0,HARD,24.0,2024,Azerbaijan Grand Prix
538,OCO,31,110.499,22.0,HARD,25.0,2024,Azerbaijan Grand Prix
539,OCO,31,110.812,23.0,HARD,26.0,2024,Azerbaijan Grand Prix
540,OCO,31,110.527,24.0,HARD,27.0,2024,Azerbaijan Grand Prix
541,OCO,31,110.162,25.0,HARD,28.0,2024,Azerbaijan Grand Prix
542,OCO,31,109.944,26.0,HARD,29.0,2024,Azerbaijan Grand Prix
543,OCO,31,109.753,27.0,HARD,30.0,2024,Azerbaijan Grand Prix
544,OCO,31,109.607,28.0,HARD,31.0,2024,Azerbaijan Grand Prix
545,OCO,31,109.526,29.0,HARD,32.0,2024,Azerbaijan Grand Prix
546,OCO,31,109.485,30.0,HARD,33.0,2024,Azerbaijan Grand Prix
547,OCO,31,109.702,31.0,HARD,34.0,2024,Azerbaijan Grand Prix
548,OCO,31,109.419,32.0,HARD,35.0,2024,Azerbaijan Grand Prix
549,OCO,31,109.086,33.0,HARD,36.0,2024,Azerbaijan Grand Prix
550,OCO,31,109.383,34.0,HARD,37.0,2024,Azerbaijan Grand Prix
551,OCO,31,108.831,35.0,HARD,38.0,2024,Azerbaijan Grand Prix
552,OCO,31,115.839,36.0,HARD,39.0,2024,Azerbaijan Grand Prix
553,OCO,31,109.555,37.0,HARD,40.0,2024,Azerbaijan Grand Prix
554,OCO,31,109.112,38.0,HARD,41.0,2024,Azerbaijan Grand Prix
555,OCO,31,108.944,39.0,HARD,42.0,2024,Azerbaijan Grand Prix
556,OCO,31,109.273,40.0,HARD,43.0,2024,Azerbaijan Grand Prix
557,OCO,31,109.059,41.0,HARD,44.0,2024,Azerbaijan Grand Prix
558,OCO,31,109.315,42.0,HARD,45.0,2024,Azerbaijan Grand Prix
559,OCO,31,108.994,43.0,HARD,46.0,2024,Azerbaijan Grand Prix
560,OCO,31,109.269,44.0,HARD,47.0,2024,Azerbaijan Grand Prix
561,OCO,31,109.018,45.0,HARD,48.0,2024,Azerbaijan Grand Prix
562,OCO,31,109.419,46.0,HARD,49.0,2024,Azerbaijan Grand Prix
563,OCO,31,109.507,47.0,HARD,50.0,2024,Azerbaijan Grand Prix
564,OCO,31,111.775,48.0,HARD,51.0,2024,Azerbaijan Grand Prix
565,OCO,31,115.188,49.0,HARD,52.0,2024,Azerbaijan Grand Prix
566,OCO,31,,50.0,SOFT,1.0,2024,Azerbaijan Grand Prix
567,NOR,4,123.761,1.0,HARD,1.0,2024,Azerbaijan Grand Prix
568,NOR,4,111.638,2.0,HARD,2.0,2024,Azerbaijan Grand Prix
569,NOR,4,110.219,3.0,HARD,3.0,2024,Azerbaijan Grand Prix
570,NOR,4,109.767,4.0,HARD,4.0,2024,Azerbaijan Grand Prix
571,NOR,4,109.386,5.0,HARD,5.0,2024,Azerbaijan Grand Prix
572,NOR,4,109.509,6.0,HARD,6.0,2024,Azerbaijan Grand Prix
573,NOR,4,109.104,7.0,HARD,7.0,2024,Azerbaijan Grand Prix
574,NOR,4,109.281,8.0,HARD,8.0,2024,Azerbaijan Grand Prix
575,NOR,4,108.811,9.0,HARD,9.0,2024,Azerbaijan Grand Prix
576,NOR,4,108.978,10.0,HARD,10.0,2024,Azerbaijan Grand Prix
577,NOR,4,108.556,11.0,HARD,11.0,2024,Azerbaijan Grand Prix
578,NOR,4,108.887,12.0,HARD,12.0,2024,Azerbaijan Grand Prix
579,NOR,4,109.033,13.0,HARD,13.0,2024,Azerbaijan Grand Prix
580,NOR,4,108.92,14.0,HARD,14.0,2024,Azerbaijan Grand Prix
581,NOR,4,110.169,15.0,HARD,15.0,2024,Azerbaijan Grand Prix
582,NOR,4,109.329,16.0,HARD,16.0,2024,Azerbaijan Grand Prix
583,NOR,4,108.709,17.0,HARD,17.0,2024,Azerbaijan Grand Prix
584,NOR,4,109.231,18.0,HARD,18.0,2024,Azerbaijan Grand Prix
585,NOR,4,109.082,19.0,HARD,19.0,2024,Azerbaijan Grand Prix
586,NOR,4,109.473,20.0,HARD,20.0,2024,Azerbaijan Grand Prix
587,NOR,4,108.888,21.0,HARD,21.0,2024,Azerbaijan Grand Prix
588,NOR,4,108.935,22.0,HARD,22.0,2024,Azerbaijan Grand Prix
589,NOR,4,109.749,23.0,HARD,23.0,2024,Azerbaijan Grand Prix
590,NOR,4,110.053,24.0,HARD,24.0,2024,Azerbaijan Grand Prix
591,NOR,4,108.579,25.0,HARD,25.0,2024,Azerbaijan Grand Prix
592,NOR,4,108.942,26.0,HARD,26.0,2024,Azerbaijan Grand Prix
593,NOR,4,109.141,27.0,HARD,27.0,2024,Azerbaijan Grand Prix
594,NOR,4,109.045,28.0,HARD,28.0,2024,Azerbaijan Grand Prix
595,NOR,4,109.267,29.0,HARD,29.0,2024,Azerbaijan Grand Prix
596,NOR,4,108.91,30.0,HARD,30.0,2024,Azerbaijan Grand Prix
597,NOR,4,108.802,31.0,HARD,31.0,2024,Azerbaijan Grand Prix
598,NOR,4,107.933,32.0,HARD,32.0,2024,Azerbaijan Grand Prix
599,NOR,4,107.947,33.0,HARD,33.0,2024,Azerbaijan Grand Prix
600,NOR,4,107.534,34.0,HARD,34.0,2024,Azerbaijan Grand Prix
601,NOR,4,107.667,35.0,HARD,35.0,2024,Azerbaijan Grand Prix
602,NOR,4,107.509,36.0,HARD,36.0,2024,Azerbaijan Grand Prix
603,NOR,4,111.037,37.0,HARD,37.0,2024,Azerbaijan Grand Prix
604,NOR,4,122.491,38.0,MEDIUM,1.0,2024,Azerbaijan Grand Prix
605,NOR,4,105.662,39.0,MEDIUM,2.0,2024,Azerbaijan Grand Prix
606,NOR,4,105.842,40.0,MEDIUM,3.0,2024,Azerbaijan Grand Prix
607,NOR,4,106.104,41.0,MEDIUM,4.0,2024,Azerbaijan Grand Prix
608,NOR,4,105.255,42.0,MEDIUM,5.0,2024,Azerbaijan Grand Prix
609,NOR,4,105.432,43.0,MEDIUM,6.0,2024,Azerbaijan Grand Prix
610,NOR,4,105.591,44.0,MEDIUM,7.0,2024,Azerbaijan Grand Prix
611,NOR,4,105.863,45.0,MEDIUM,8.0,2024,Azerbaijan Grand Prix
612,NOR,4,105.886,46.0,MEDIUM,9.0,2024,Azerbaijan Grand Prix
613,NOR,4,106.051,47.0,MEDIUM,10.0,2024,Azerbaijan Grand Prix
614,NOR,4,106.143,48.0,MEDIUM,11.0,2024,Azerbaijan Grand Prix
615,NOR,4,105.626,49.0,MEDIUM,12.0,2024,Azerbaijan Grand Prix
616,NOR,4,124.244,50.0,MEDIUM,13.0,2024,Azerbaijan Grand Prix
617,NOR,4,,51.0,MEDIUM,14.0,2024,Azerbaijan Grand Prix
618,COL,43,118.293,1.0,MEDIUM,1.0,2024,Azerbaijan Grand Prix
619,COL,43,110.41,2.0,MEDIUM,2.0,2024,Azerbaijan Grand Prix
620,COL,43,110.414,3.0,MEDIUM,3.0,2024,Azerbaijan Grand Prix
621,COL,43,109.916,4.0,MEDIUM,4.0,2024,Azerbaijan Grand Prix
622,COL,43,110.137,5.0,MEDIUM,5.0,2024,Azerbaijan Grand Prix
623,COL,43,109.722,6.0,MEDIUM,6.0,2024,Azerbaijan Grand Prix
624,COL,43,109.483,7.0,MEDIUM,7.0,2024,Azerbaijan Grand Prix
625,COL,43,109.302,8.0,MEDIUM,8.0,2024,Azerbaijan Grand Prix
626,COL,43,109.403,9.0,MEDIUM,9.0,2024,Azerbaijan Grand Prix
627,COL,43,113.374,10.0,MEDIUM,10.0,2024,Azerbaijan Grand Prix
628,COL,43,126.259,11.0,HARD,1.0,2024,Azerbaijan Grand Prix
629,COL,43,109.173,12.0,HARD,2.0,2024,Azerbaijan Grand Prix
630,COL,43,109.417,13.0,HARD,3.0,2024,Azerbaijan Grand Prix
631,COL,43,109.367,14.0,HARD,4.0,2024,Azerbaijan Grand Prix
632,COL,43,109.339,15.0,HARD,5.0,2024,Azerbaijan Grand Prix
633,COL,43,109.745,16.0,HARD,6.0,2024,Azerbaijan Grand Prix
634,COL,43,109.243,17.0,HARD,7.0,2024,Azerbaijan Grand Prix
635,COL,43,109.258,18.0,HARD,8.0,2024,Azerbaijan Grand Prix
636,COL,43,109.1,19.0,HARD,9.0,2024,Azerbaijan Grand Prix
637,COL,43,109.028,20.0,HARD,10.0,2024,Azerbaijan Grand Prix
638,COL,43,109.237,21.0,HARD,11.0,2024,Azerbaijan Grand Prix
639,COL,43,108.851,22.0,HARD,12.0,2024,Azerbaijan Grand Prix
640,COL,43,109.008,23.0,HARD,13.0,2024,Azerbaijan Grand Prix
641,COL,43,108.745,24.0,HARD,14.0,2024,Azerbaijan Grand Prix
642,COL,43,108.92,25.0,HARD,15.0,2024,Azerbaijan Grand Prix
643,COL,43,109.148,26.0,HARD,16.0,2024,Azerbaijan Grand Prix
644,COL,43,108.98,27.0,HARD,17.0,2024,Azerbaijan Grand Prix
645,COL,43,109.258,28.0,HARD,18.0,2024,Azerbaijan Grand Prix
646,COL,43,108.924,29.0,HARD,19.0,2024,Azerbaijan Grand Prix
647,COL,43,108.987,30.0,HARD,20.0,2024,Azerbaijan Grand Prix
648,COL,43,108.951,31.0,HARD,21.0,2024,Azerbaijan Grand Prix
649,COL,43,108.85,32.0,HARD,22.0,2024,Azerbaijan Grand Prix
650,COL,43,109.367,33.0,HARD,23.0,2024,Azerbaijan Grand Prix
651,COL,43,109.161,34.0,HARD,24.0,2024,Azerbaijan Grand Prix
652,COL,43,109.737,35.0,HARD,25.0,2024,Azerbaijan Grand Prix
653,COL,43,110.858,36.0,HARD,26.0,2024,Azerbaijan Grand Prix
654,COL,43,110.229,37.0,HARD,27.0,2024,Azerbaijan Grand Prix
655,COL,43,109.52,38.0,HARD,28.0,2024,Azerbaijan Grand Prix
656,COL,43,109.034,39.0,HARD,29.0,2024,Azerbaijan Grand Prix
657,COL,43,108.416,40.0,HARD,30.0,2024,Azerbaijan Grand Prix
658,COL,43,108.416,41.0,HARD,31.0,2024,Azerbaijan Grand Prix
659,COL,43,107.833,42.0,HARD,32.0,2024,Azerbaijan Grand Prix
660,COL,43,107.476,43.0,HARD,33.0,2024,Azerbaijan Grand Prix
661,COL,43,107.274,44.0,HARD,34.0,2024,Azerbaijan Grand Prix
662,COL,43,107.454,45.0,HARD,35.0,2024,Azerbaijan Grand Prix
663,COL,43,107.5,46.0,HARD,36.0,2024,Azerbaijan Grand Prix
664,COL,43,107.741,47.0,HARD,37.0,2024,Azerbaijan Grand Prix
665,COL,43,107.369,48.0,HARD,38.0,2024,Azerbaijan Grand Prix
666,COL,43,108.223,49.0,HARD,39.0,2024,Azerbaijan Grand Prix
667,COL,43,140.687,50.0,HARD,40.0,2024,Azerbaijan Grand Prix
668,COL,43,,51.0,HARD,41.0,2024,Azerbaijan Grand Prix
669,HAM,44,125.704,1.0,MEDIUM,1.0,2024,Azerbaijan Grand Prix
670,HAM,44,112.922,2.0,MEDIUM,2.0,2024,Azerbaijan Grand Prix
671,HAM,44,110.97,3.0,MEDIUM,3.0,2024,Azerbaijan Grand Prix
672,HAM,44,110.351,4.0,MEDIUM,4.0,2024,Azerbaijan Grand Prix
673,HAM,44,110.358,5.0,MEDIUM,5.0,2024,Azerbaijan Grand Prix
674,HAM,44,109.791,6.0,MEDIUM,6.0,2024,Azerbaijan Grand Prix
675,HAM,44,109.399,7.0,MEDIUM,7.0,2024,Azerbaijan Grand Prix
676,HAM,44,109.59,8.0,MEDIUM,8.0,2024,Azerbaijan Grand Prix
677,HAM,44,109.698,9.0,MEDIUM,9.0,2024,Azerbaijan Grand Prix
678,HAM,44,109.993,10.0,MEDIUM,10.0,2024,Azerbaijan Grand Prix
679,HAM,44,110.712,11.0,MEDIUM,11.0,2024,Azerbaijan Grand Prix
680,HAM,44,115.287,12.0,MEDIUM,12.0,2024,Azerbaijan Grand Prix
681,HAM,44,126.757,13.0,HARD,1.0,2024,Azerbaijan Grand Prix
682,HAM,44,108.984,14.0,HARD,2.0,2024,Azerbaijan Grand Prix
683,HAM,44,108.754,15.0,HARD,3.0,2024,Azerbaijan Grand Prix
684,HAM,44,108.527,16.0,HARD,4.0,2024,Azerbaijan Grand Prix
685,HAM,44,109.487,17.0,HARD,5.0,2024,Azerbaijan Grand Prix
686,HAM,44,108.632,18.0,HARD,6.0,2024,Azerbaijan Grand Prix
687,HAM,44,108.563,19.0,HARD,7.0,2024,Azerbaijan Grand Prix
688,HAM,44,108.495,20.0,HARD,8.0,2024,Azerbaijan Grand Prix
689,HAM,44,109.616,21.0,HARD,9.0,2024,Azerbaijan Grand Prix
690,HAM,44,110.666,22.0,HARD,10.0,2024,Azerbaijan Grand Prix
691,HAM,44,108.588,23.0,HARD,11.0,2024,Azerbaijan Grand Prix
692,HAM,44,108.433,24.0,HARD,12.0,2024,Azerbaijan Grand Prix
693,HAM,44,108.29,25.0,HARD,13.0,2024,Azerbaijan Grand Prix
694,HAM,44,107.828,26.0,HARD,14.0,2024,Azerbaijan Grand Prix
695,HAM,44,107.898,27.0,HARD,15.0,2024,Azerbaijan Grand Prix
696,HAM,44,108.045,28.0,HARD,16.0,2024,Azerbaijan Grand Prix
697,HAM,44,107.777,29.0,HARD,17.0,2024,Azerbaijan Grand Prix
698,HAM,44,108.494,30.0,HARD,18.0,2024,Azerbaijan Grand Prix
699,HAM,44,108.128,31.0,HARD,19.0,2024,Azerbaijan Grand Prix
700,HAM,44,107.867,32.0,HARD,20.0,2024,Azerbaijan Grand Prix
701,HAM,44,107.33,33.0,HARD,21.0,2024,Azerbaijan Grand Prix
702,HAM,44,109.101,34.0,HARD,22.0,2024,Azerbaijan Grand Prix
703,HAM,44,107.998,35.0,HARD,23.0,2024,Azerbaijan Grand Prix
704,HAM,44,108.903,36.0,HARD,24.0,2024,Azerbaijan Grand Prix
705,HAM,44,110.671,37.0,HARD,25.0,2024,Azerbaijan Grand Prix
706,HAM,44,109.22,38.0,HARD,26.0,2024,Azerbaijan Grand Prix
707,HAM,44,109.264,39.0,HARD,27.0,2024,Azerbaijan Grand Prix
708,HAM,44,108.576,40.0,HARD,28.0,2024,Azerbaijan Grand Prix
709,HAM,44,108.492,41.0,HARD,29.0,2024,Azerbaijan Grand Prix
710,HAM,44,107.3,42.0,HARD,30.0,2024,Azerbaijan Grand Prix
711,HAM,44,107.679,43.0,HARD,31.0,2024,Azerbaijan Grand Prix
712,HAM,44,108.135,44.0,HARD,32.0,2024,Azerbaijan Grand Prix
713,HAM,44,107.629,45.0,HARD,33.0,2024,Azerbaijan Grand Prix
714,HAM,44,107.667,46.0,HARD,34.0,2024,Azerbaijan Grand Prix
715,HAM,44,107.3,47.0,HARD,35.0,2024,Azerbaijan Grand Prix
716,HAM,44,107.236,48.0,HARD,36.0,2024,Azerbaijan Grand Prix
717,HAM,44,107.947,49.0,HARD,37.0,2024,Azerbaijan Grand Prix
718,HAM,44,141.579,50.0,HARD,38.0,2024,Azerbaijan Grand Prix
719,HAM,44,,51.0,HARD,39.0,2024,Azerbaijan Grand Prix
720,BEA,50,120.008,1.0,MEDIUM,1.0,2024,Azerbaijan Grand Prix
721,BEA,50,110.738,2.0,MEDIUM,2.0,2024,Azerbaijan Grand Prix
722,BEA,50,110.677,3.0,MEDIUM,3.0,2024,Azerbaijan Grand Prix
723,BEA,50,110.282,4.0,MEDIUM,4.0,2024,Azerbaijan Grand Prix
724,BEA,50,110.51,5.0,MEDIUM,5.0,2024,Azerbaijan Grand Prix
725,BEA,50,110.991,6.0,MEDIUM,6.0,2024,Azerbaijan Grand Prix
726,BEA,50,110.084,7.0,MEDIUM,7.0,2024,Azerbaijan Grand Prix
727,BEA,50,111.194,8.0,MEDIUM,8.0,2024,Azerbaijan Grand Prix
728,BEA,50,109.877,9.0,MEDIUM,9.0,2024,Azerbaijan Grand Prix
729,BEA,50,111.117,10.0,MEDIUM,10.0,2024,Azerbaijan Grand Prix
730,BEA,50,110.119,11.0,MEDIUM,11.0,2024,Azerbaijan Grand Prix
731,BEA,50,110.055,12.0,MEDIUM,12.0,2024,Azerbaijan Grand Prix
732,BEA,50,110.193,13.0,MEDIUM,13.0,2024,Azerbaijan Grand Prix
733,BEA,50,114.465,14.0,MEDIUM,14.0,2024,Azerbaijan Grand Prix
734,BEA,50,126.955,15.0,HARD,1.0,2024,Azerbaijan Grand Prix
735,BEA,50,110.038,16.0,HARD,2.0,2024,Azerbaijan Grand Prix
736,BEA,50,109.571,17.0,HARD,3.0,2024,Azerbaijan Grand Prix
737,BEA,50,108.714,18.0,HARD,4.0,2024,Azerbaijan Grand Prix
738,BEA,50,108.457,19.0,HARD,5.0,2024,Azerbaijan Grand Prix
739,BEA,50,108.769,20.0,HARD,6.0,2024,Azerbaijan Grand Prix
740,BEA,50,108.487,21.0,HARD,7.0,2024,Azerbaijan Grand Prix
741,BEA,50,109.905,22.0,HARD,8.0,2024,Azerbaijan Grand Prix
742,BEA,50,108.487,23.0,HARD,9.0,2024,Azerbaijan Grand Prix
743,BEA,50,108.214,24.0,HARD,10.0,2024,Azerbaijan Grand Prix
744,BEA,50,108.113,25.0,HARD,11.0,2024,Azerbaijan Grand Prix
745,BEA,50,108.305,26.0,HARD,12.0,2024,Azerbaijan Grand Prix
746,BEA,50,108.004,27.0,HARD,13.0,2024,Azerbaijan Grand Prix
747,BEA,50,108.312,28.0,HARD,14.0,2024,Azerbaijan Grand Prix
748,BEA,50,108.703,29.0,HARD,15.0,2024,Azerbaijan Grand Prix
749,BEA,50,108.046,30.0,HARD,16.0,2024,Azerbaijan Grand Prix
750,BEA,50,107.552,31.0,HARD,17.0,2024,Azerbaijan Grand Prix
751,BEA,50,108.147,32.0,HARD,18.0,2024,Azerbaijan Grand Prix
752,BEA,50,108.578,33.0,HARD,19.0,2024,Azerbaijan Grand Prix
753,BEA,50,108.342,34.0,HARD,20.0,2024,Azerbaijan Grand Prix
754,BEA,50,108.655,35.0,HARD,21.0,2024,Azerbaijan Grand Prix
755,BEA,50,108.819,36.0,HARD,22.0,2024,Azerbaijan Grand Prix
756,BEA,50,110.561,37.0,HARD,23.0,2024,Azerbaijan Grand Prix
757,BEA,50,109.56,38.0,HARD,24.0,2024,Azerbaijan Grand Prix
758,BEA,50,108.85,39.0,HARD,25.0,2024,Azerbaijan Grand Prix
759,BEA,50,109.166,40.0,HARD,26.0,2024,Azerbaijan Grand Prix
760,BEA,50,110.629,41.0,HARD,27.0,2024,Azerbaijan Grand Prix
761,BEA,50,107.883,42.0,HARD,28.0,2024,Azerbaijan Grand Prix
762,BEA,50,107.681,43.0,HARD,29.0,2024,Azerbaijan Grand Prix
763,BEA,50,107.345,44.0,HARD,30.0,2024,Azerbaijan Grand Prix
764,BEA,50,107.68,45.0,HARD,31.0,2024,Azerbaijan Grand Prix
765,BEA,50,107.281,46.0,HARD,32.0,2024,Azerbaijan Grand Prix
766,BEA,50,107.048,47.0,HARD,33.0,2024,Azerbaijan Grand Prix
767,BEA,50,107.369,48.0,HARD,34.0,2024,Azerbaijan Grand Prix
768,BEA,50,107.435,49.0,HARD,35.0,2024,Azerbaijan Grand Prix
769,BEA,50,141.914,50.0,HARD,36.0,2024,Azerbaijan Grand Prix
770,BEA,50,,51.0,HARD,37.0,2024,Azerbaijan Grand Prix
771,SAI,55,114.797,1.0,MEDIUM,1.0,2024,Azerbaijan Grand Prix
772,SAI,55,109.12,2.0,MEDIUM,2.0,2024,Azerbaijan Grand Prix
773,SAI,55,109.375,3.0,MEDIUM,3.0,2024,Azerbaijan Grand Prix
774,SAI,55,109.167,4.0,MEDIUM,4.0,2024,Azerbaijan Grand Prix
775,SAI,55,109.039,5.0,MEDIUM,5.0,2024,Azerbaijan Grand Prix
776,SAI,55,108.826,6.0,MEDIUM,6.0,2024,Azerbaijan Grand Prix
777,SAI,55,108.596,7.0,MEDIUM,7.0,2024,Azerbaijan Grand Prix
778,SAI,55,108.482,8.0,MEDIUM,8.0,2024,Azerbaijan Grand Prix
779,SAI,55,108.154,9.0,MEDIUM,9.0,2024,Azerbaijan Grand Prix
780,SAI,55,108.389,10.0,MEDIUM,10.0,2024,Azerbaijan Grand Prix
781,SAI,55,108.77,11.0,MEDIUM,11.0,2024,Azerbaijan Grand Prix
782,SAI,55,109.348,12.0,MEDIUM,12.0,2024,Azerbaijan Grand Prix
783,SAI,55,108.594,13.0,MEDIUM,13.0,2024,Azerbaijan Grand Prix
784,SAI,55,108.672,14.0,MEDIUM,14.0,2024,Azerbaijan Grand Prix
785,SAI,55,109.316,15.0,MEDIUM,15.0,2024,Azerbaijan Grand Prix
786,SAI,55,109.36,16.0,MEDIUM,16.0,2024,Azerbaijan Grand Prix
787,SAI,55,113.944,17.0,MEDIUM,17.0,2024,Azerbaijan Grand Prix
788,SAI,55,125.361,18.0,HARD,1.0,2024,Azerbaijan Grand Prix
789,SAI,55,107.939,19.0,HARD,2.0,2024,Azerbaijan Grand Prix
790,SAI,55,108.091,20.0,HARD,3.0,2024,Azerbaijan Grand Prix
791,SAI,55,107.879,21.0,HARD,4.0,2024,Azerbaijan Grand Prix
792,SAI,55,108.582,22.0,HARD,5.0,2024,Azerbaijan Grand Prix
793,SAI,55,108.331,23.0,HARD,6.0,2024,Azerbaijan Grand Prix
794,SAI,55,108.474,24.0,HARD,7.0,2024,Azerbaijan Grand Prix
795,SAI,55,107.746,25.0,HARD,8.0,2024,Azerbaijan Grand Prix
796,SAI,55,107.593,26.0,HARD,9.0,2024,Azerbaijan Grand Prix
797,SAI,55,107.325,27.0,HARD,10.0,2024,Azerbaijan Grand Prix
798,SAI,55,107.072,28.0,HARD,11.0,2024,Azerbaijan Grand Prix
799,SAI,55,107.448,29.0,HARD,12.0,2024,Azerbaijan Grand Prix
800,SAI,55,107.826,30.0,HARD,13.0,2024,Azerbaijan Grand Prix
801,SAI,55,107.388,31.0,HARD,14.0,2024,Azerbaijan Grand Prix
802,SAI,55,107.33,32.0,HARD,15.0,2024,Azerbaijan Grand Prix
803,SAI,55,107.205,33.0,HARD,16.0,2024,Azerbaijan Grand Prix
804,SAI,55,107.402,34.0,HARD,17.0,2024,Azerbaijan Grand Prix
805,SAI,55,107.31,35.0,HARD,18.0,2024,Azerbaijan Grand Prix
806,SAI,55,107.473,36.0,HARD,19.0,2024,Azerbaijan Grand Prix
807,SAI,55,108.379,37.0,HARD,20.0,2024,Azerbaijan Grand Prix
808,SAI,55,107.116,38.0,HARD,21.0,2024,Azerbaijan Grand Prix
809,SAI,55,107.229,39.0,HARD,22.0,2024,Azerbaijan Grand Prix
810,SAI,55,106.964,40.0,HARD,23.0,2024,Azerbaijan Grand Prix
811,SAI,55,107.458,41.0,HARD,24.0,2024,Azerbaijan Grand Prix
812,SAI,55,106.928,42.0,HARD,25.0,2024,Azerbaijan Grand Prix
813,SAI,55,107.267,43.0,HARD,26.0,2024,Azerbaijan Grand Prix
814,SAI,55,107.081,44.0,HARD,27.0,2024,Azerbaijan Grand Prix
815,SAI,55,107.262,45.0,HARD,28.0,2024,Azerbaijan Grand Prix
816,SAI,55,106.866,46.0,HARD,29.0,2024,Azerbaijan Grand Prix
817,SAI,55,106.934,47.0,HARD,30.0,2024,Azerbaijan Grand Prix
818,SAI,55,108.117,48.0,HARD,31.0,2024,Azerbaijan Grand Prix
819,SAI,55,108.443,49.0,HARD,32.0,2024,Azerbaijan Grand Prix
820,SAI,55,,50.0,HARD,33.0,2024,Azerbaijan Grand Prix
821,RUS,63,116.42,1.0,MEDIUM,1.0,2024,Azerbaijan Grand Prix
822,RUS,63,109.738,2.0,MEDIUM,2.0,2024,Azerbaijan Grand Prix
823,RUS,63,109.359,3.0,MEDIUM,3.0,2024,Azerbaijan Grand Prix
824,RUS,63,109.199,4.0,MEDIUM,4.0,2024,Azerbaijan Grand Prix
825,RUS,63,108.952,5.0,MEDIUM,5.0,2024,Azerbaijan Grand Prix
826,RUS,63,109.581,6.0,MEDIUM,6.0,2024,Azerbaijan Grand Prix
827,RUS,63,109.315,7.0,MEDIUM,7.0,2024,Azerbaijan Grand Prix
828,RUS,63,109.351,8.0,MEDIUM,8.0,2024,Azerbaijan Grand Prix
829,RUS,63,109.423,9.0,MEDIUM,9.0,2024,Azerbaijan Grand Prix
830,RUS,63,109.712,10.0,MEDIUM,10.0,2024,Azerbaijan Grand Prix
831,RUS,63,109.833,11.0,MEDIUM,11.0,2024,Azerbaijan Grand Prix
832,RUS,63,114.565,12.0,MEDIUM,12.0,2024,Azerbaijan Grand Prix
833,RUS,63,124.183,13.0,HARD,1.0,2024,Azerbaijan Grand Prix
834,RUS,63,109.818,14.0,HARD,2.0,2024,Azerbaijan Grand Prix
835,RUS,63,109.067,15.0,HARD,3.0,2024,Azerbaijan Grand Prix
836,RUS,63,108.606,16.0,HARD,4.0,2024,Azerbaijan Grand Prix
837,RUS,63,108.043,17.0,HARD,5.0,2024,Azerbaijan Grand Prix
838,RUS,63,108.224,18.0,HARD,6.0,2024,Azerbaijan Grand Prix
839,RUS,63,108.35,19.0,HARD,7.0,2024,Azerbaijan Grand Prix
840,RUS,63,108.387,20.0,HARD,8.0,2024,Azerbaijan Grand Prix
841,RUS,63,108.37,21.0,HARD,9.0,2024,Azerbaijan Grand Prix
842,RUS,63,108.198,22.0,HARD,10.0,2024,Azerbaijan Grand Prix
843,RUS,63,108.293,23.0,HARD,11.0,2024,Azerbaijan Grand Prix
844,RUS,63,107.988,24.0,HARD,12.0,2024,Azerbaijan Grand Prix
845,RUS,63,108.205,25.0,HARD,13.0,2024,Azerbaijan Grand Prix
846,RUS,63,108.326,26.0,HARD,14.0,2024,Azerbaijan Grand Prix
847,RUS,63,108.794,27.0,HARD,15.0,2024,Azerbaijan Grand Prix
848,RUS,63,108.217,28.0,HARD,16.0,2024,Azerbaijan Grand Prix
849,RUS,63,108.998,29.0,HARD,17.0,2024,Azerbaijan Grand Prix
850,RUS,63,108.967,30.0,HARD,18.0,2024,Azerbaijan Grand Prix
851,RUS,63,108.392,31.0,HARD,19.0,2024,Azerbaijan Grand Prix
852,RUS,63,109.052,32.0,HARD,20.0,2024,Azerbaijan Grand Prix
853,RUS,63,107.706,33.0,HARD,21.0,2024,Azerbaijan Grand Prix
854,RUS,63,107.443,34.0,HARD,22.0,2024,Azerbaijan Grand Prix
855,RUS,63,107.702,35.0,HARD,23.0,2024,Azerbaijan Grand Prix
856,RUS,63,107.681,36.0,HARD,24.0,2024,Azerbaijan Grand Prix
857,RUS,63,107.809,37.0,HARD,25.0,2024,Azerbaijan Grand Prix
858,RUS,63,107.649,38.0,HARD,26.0,2024,Azerbaijan Grand Prix
859,RUS,63,107.138,39.0,HARD,27.0,2024,Azerbaijan Grand Prix
860,RUS,63,107.0,40.0,HARD,28.0,2024,Azerbaijan Grand Prix
861,RUS,63,106.852,41.0,HARD,29.0,2024,Azerbaijan Grand Prix
862,RUS,63,106.846,42.0,HARD,30.0,2024,Azerbaijan Grand Prix
863,RUS,63,106.727,43.0,HARD,31.0,2024,Azerbaijan Grand Prix
864,RUS,63,106.707,44.0,HARD,32.0,2024,Azerbaijan Grand Prix
865,RUS,63,106.628,45.0,HARD,33.0,2024,Azerbaijan Grand Prix
866,RUS,63,106.727,46.0,HARD,34.0,2024,Azerbaijan Grand Prix
867,RUS,63,106.664,47.0,HARD,35.0,2024,Azerbaijan Grand Prix
868,RUS,63,107.016,48.0,HARD,36.0,2024,Azerbaijan Grand Prix
869,RUS,63,106.707,49.0,HARD,37.0,2024,Azerbaijan Grand Prix
870,RUS,63,123.467,50.0,HARD,38.0,2024,Azerbaijan Grand Prix
871,RUS,63,,51.0,HARD,39.0,2024,Azerbaijan Grand Prix
872,BOT,77,124.469,1.0,MEDIUM,2.0,2024,Azerbaijan Grand Prix
873,BOT,77,114.291,2.0,MEDIUM,3.0,2024,Azerbaijan Grand Prix
874,BOT,77,112.71,3.0,MEDIUM,4.0,2024,Azerbaijan Grand Prix
875,BOT,77,111.585,4.0,MEDIUM,5.0,2024,Azerbaijan Grand Prix
876,BOT,77,113.313,5.0,MEDIUM,6.0,2024,Azerbaijan Grand Prix
877,BOT,77,111.039,6.0,MEDIUM,7.0,2024,Azerbaijan Grand Prix
878,BOT,77,111.374,7.0,MEDIUM,8.0,2024,Azerbaijan Grand Prix
879,BOT,77,111.315,8.0,MEDIUM,9.0,2024,Azerbaijan Grand Prix
880,BOT,77,111.467,9.0,MEDIUM,10.0,2024,Azerbaijan Grand Prix
881,BOT,77,112.685,10.0,MEDIUM,11.0,2024,Azerbaijan Grand Prix
882,BOT,77,117.809,11.0,MEDIUM,12.0,2024,Azerbaijan Grand Prix
883,BOT,77,126.862,12.0,HARD,2.0,2024,Azerbaijan Grand Prix
884,BOT,77,109.999,13.0,HARD,3.0,2024,Azerbaijan Grand Prix
885,BOT,77,110.005,14.0,HARD,4.0,2024,Azerbaijan Grand Prix
886,BOT,77,109.708,15.0,HARD,5.0,2024,Azerbaijan Grand Prix
887,BOT,77,109.744,16.0,HARD,6.0,2024,Azerbaijan Grand Prix
888,BOT,77,109.792,17.0,HARD,7.0,2024,Azerbaijan Grand Prix
889,BOT,77,109.718,18.0,HARD,8.0,2024,Azerbaijan Grand Prix
890,BOT,77,109.911,19.0,HARD,9.0,2024,Azerbaijan Grand Prix
891,BOT,77,109.692,20.0,HARD,10.0,2024,Azerbaijan Grand Prix
892,BOT,77,109.687,21.0,HARD,11.0,2024,Azerbaijan Grand Prix
893,BOT,77,109.727,22.0,HARD,12.0,2024,Azerbaijan Grand Prix
894,BOT,77,109.77,23.0,HARD,13.0,2024,Azerbaijan Grand Prix
895,BOT,77,109.617,24.0,HARD,14.0,2024,Azerbaijan Grand Prix
896,BOT,77,109.463,25.0,HARD,15.0,2024,Azerbaijan Grand Prix
897,BOT,77,109.646,26.0,HARD,16.0,2024,Azerbaijan Grand Prix
898,BOT,77,109.455,27.0,HARD,17.0,2024,Azerbaijan Grand Prix
899,BOT,77,109.459,28.0,HARD,18.0,2024,Azerbaijan Grand Prix
900,BOT,77,109.321,29.0,HARD,19.0,2024,Azerbaijan Grand Prix
901,BOT,77,109.41,30.0,HARD,20.0,2024,Azerbaijan Grand Prix
902,BOT,77,109.406,31.0,HARD,21.0,2024,Azerbaijan Grand Prix
903,BOT,77,109.281,32.0,HARD,22.0,2024,Azerbaijan Grand Prix
904,BOT,77,111.477,33.0,HARD,23.0,2024,Azerbaijan Grand Prix
905,BOT,77,109.598,34.0,HARD,24.0,2024,Azerbaijan Grand Prix
906,BOT,77,109.231,35.0,HARD,25.0,2024,Azerbaijan Grand Prix
907,BOT,77,109.038,36.0,HARD,26.0,2024,Azerbaijan Grand Prix
908,BOT,77,108.871,37.0,HARD,27.0,2024,Azerbaijan Grand Prix
909,BOT,77,108.836,38.0,HARD,28.0,2024,Azerbaijan Grand Prix
910,BOT,77,109.012,39.0,HARD,29.0,2024,Azerbaijan Grand Prix
911,BOT,77,108.501,40.0,HARD,30.0,2024,Azerbaijan Grand Prix
912,BOT,77,108.418,41.0,HARD,31.0,2024,Azerbaijan Grand Prix
913,BOT,77,108.742,42.0,HARD,32.0,2024,Azerbaijan Grand Prix
914,BOT,77,108.467,43.0,HARD,33.0,2024,Azerbaijan Grand Prix
915,BOT,77,108.683,44.0,HARD,34.0,2024,Azerbaijan Grand Prix
916,BOT,77,108.498,45.0,HARD,35.0,2024,Azerbaijan Grand Prix
917,BOT,77,110.67,46.0,HARD,36.0,2024,Azerbaijan Grand Prix
918,BOT,77,108.863,47.0,HARD,37.0,2024,Azerbaijan Grand Prix
919,BOT,77,114.753,48.0,HARD,38.0,2024,Azerbaijan Grand Prix
920,BOT,77,127.663,49.0,HARD,39.0,2024,Azerbaijan Grand Prix
921,BOT,77,,50.0,HARD,40.0,2024,Azerbaijan Grand Prix
922,PIA,81,112.903,1.0,MEDIUM,1.0,2024,Azerbaijan Grand Prix
923,PIA,81,108.944,2.0,MEDIUM,2.0,2024,Azerbaijan Grand Prix
924,PIA,81,108.811,3.0,MEDIUM,3.0,2024,Azerbaijan Grand Prix
925,PIA,81,108.408,4.0,MEDIUM,4.0,2024,Azerbaijan Grand Prix
926,PIA,81,108.07,5.0,MEDIUM,5.0,2024,Azerbaijan Grand Prix
927,PIA,81,108.848,6.0,MEDIUM,6.0,2024,Azerbaijan Grand Prix
928,PIA,81,108.755,7.0,MEDIUM,7.0,2024,Azerbaijan Grand Prix
929,PIA,81,108.297,8.0,MEDIUM,8.0,2024,Azerbaijan Grand Prix
930,PIA,81,108.225,9.0,MEDIUM,9.0,2024,Azerbaijan Grand Prix
931,PIA,81,108.601,10.0,MEDIUM,10.0,2024,Azerbaijan Grand Prix
932,PIA,81,108.304,11.0,MEDIUM,11.0,2024,Azerbaijan Grand Prix
933,PIA,81,108.948,12.0,MEDIUM,12.0,2024,Azerbaijan Grand Prix
934,PIA,81,109.194,13.0,MEDIUM,13.0,2024,Azerbaijan Grand Prix
935,PIA,81,109.577,14.0,MEDIUM,14.0,2024,Azerbaijan Grand Prix
936,PIA,81,113.511,15.0,MEDIUM,15.0,2024,Azerbaijan Grand Prix
937,PIA,81,123.253,16.0,HARD,1.0,2024,Azerbaijan Grand Prix
938,PIA,81,108.556,17.0,HARD,2.0,2024,Azerbaijan Grand Prix
939,PIA,81,107.817,18.0,HARD,3.0,2024,Azerbaijan Grand Prix
940,PIA,81,107.465,19.0,HARD,4.0,2024,Azerbaijan Grand Prix
941,PIA,81,108.866,20.0,HARD,5.0,2024,Azerbaijan Grand Prix
942,PIA,81,107.854,21.0,HARD,6.0,2024,Azerbaijan Grand Prix
943,PIA,81,107.751,22.0,HARD,7.0,2024,Azerbaijan Grand Prix
944,PIA,81,107.481,23.0,HARD,8.0,2024,Azerbaijan Grand Prix
945,PIA,81,107.066,24.0,HARD,9.0,2024,Azerbaijan Grand Prix
946,PIA,81,107.408,25.0,HARD,10.0,2024,Azerbaijan Grand Prix
947,PIA,81,107.528,26.0,HARD,11.0,2024,Azerbaijan Grand Prix
948,PIA,81,107.368,27.0,HARD,12.0,2024,Azerbaijan Grand Prix
949,PIA,81,107.558,28.0,HARD,13.0,2024,Azerbaijan Grand Prix
950,PIA,81,107.601,29.0,HARD,14.0,2024,Azerbaijan Grand Prix
951,PIA,81,107.661,30.0,HARD,15.0,2024,Azerbaijan Grand Prix
952,PIA,81,107.923,31.0,HARD,16.0,2024,Azerbaijan Grand Prix
953,PIA,81,108.135,32.0,HARD,17.0,2024,Azerbaijan Grand Prix
954,PIA,81,108.436,33.0,HARD,18.0,2024,Azerbaijan Grand Prix
955,PIA,81,107.927,34.0,HARD,19.0,2024,Azerbaijan Grand Prix
956,PIA,81,107.821,35.0,HARD,20.0,2024,Azerbaijan Grand Prix
957,PIA,81,107.873,36.0,HARD,21.0,2024,Azerbaijan Grand Prix
958,PIA,81,107.857,37.0,HARD,22.0,2024,Azerbaijan Grand Prix
959,PIA,81,107.682,38.0,HARD,23.0,2024,Azerbaijan Grand Prix
960,PIA,81,107.776,39.0,HARD,24.0,2024,Azerbaijan Grand Prix
961,PIA,81,107.721,40.0,HARD,25.0,2024,Azerbaijan Grand Prix
962,PIA,81,107.875,41.0,HARD,26.0,2024,Azerbaijan Grand Prix
963,PIA,81,107.688,42.0,HARD,27.0,2024,Azerbaijan Grand Prix
964,PIA,81,107.616,43.0,HARD,28.0,2024,Azerbaijan Grand Prix
965,PIA,81,107.365,44.0,HARD,29.0,2024,Azerbaijan Grand Prix
966,PIA,81,107.727,45.0,HARD,30.0,2024,Azerbaijan Grand Prix
967,PIA,81,107.269,46.0,HARD,31.0,2024,Azerbaijan Grand Prix
968,PIA,81,107.06,47.0,HARD,32.0,2024,Azerbaijan Grand Prix
969,PIA,81,107.488,48.0,HARD,33.0,2024,Azerbaijan Grand Prix
970,PIA,81,107.547,49.0,HARD,34.0,2024,Azerbaijan Grand Prix
971,PIA,81,107.258,50.0,HARD,35.0,2024,Azerbaijan Grand Prix
972,PIA,81,,51.0,HARD,36.0,2024,Azerbaijan Grand Prix
